Model,COCO MCQ Total Accuracy,VOC2007 MCQ Total Accuracy
CLIP-OpenAI,0.39296584376056815,0.38719936394355
CLIP-Laion400M,0.3101115995941833,0.31564301331743194
CLIP-datacomp,0.26259722691917486,0.23116676605048697
NegCLIP,0.28677713899222185,0.3049095607235142
ConCLIP,0.23875549543456207,0.3812363347247068
