Model,COCO MCQ Total Accuracy,VOC2007 MCQ Total Accuracy
CLIP-Laion400M-Base,0.30808251606357795,0.31663685152057247
CLIP-Laion2B-Large,0.255326344267839,0.2526336712383224
CLIP-Laion2B-Huge,0.3030098072370646,0.3210097396143908
