Model,COCO Positive Accuracy,COCO Negative Accuracy,COCO Hybrid Accuracy,VOC2007 Positive Accuracy,VOC2007 Negative Accuracy,VOC2007 Hybrid Accuracy
CLIP-Laion400M-Base,0.49606299212598426,0.1620320855614973,0.2539761431411531,0.6304985337243402,0.0876944837340877,0.4385098743267504
CLIP-Laion2B-Large,0.42322834645669294,0.15240641711229946,0.18141153081510936,0.5791788856304986,0.04809052333804809,0.3473967684021544
CLIP-Laion2B-Huge,0.4507874015748031,0.1497326203208556,0.2962226640159046,0.6114369501466276,0.06364922206506365,0.47710951526032314
