Model,COCO MCQ Total Accuracy,VOC2007 MCQ Total Accuracy
CLIP-OpenAI,0.39296584376056800,0.38719936394355
NegCLIP,0.28677713899222200,0.3049095607235140
Our CLIP,0.5443016570848830,0.5482011528523160
Our NegCLIP,0.5623943185661140,0.5965016895249450